{
  "commit": "20f039cb8585f0987c05df3dbfc0f8853b8fa8b8",
  "pr": "258",
  "raw": {
    "get": 414758.4,
    "set": 406561.2,
    "update": 395592.1
  },
  "results": [
    {
      "against": "53d4c2b529a6ff148f6233cb44fba26d6639beac",
      "result": {
        "get": -6.9612036,
        "set": -8.23188,
        "update": -6.5396876
      }
    },
    {
      "against": "v0.7.5",
      "result": {
        "get": 26.751974,
        "set": 39.12376,
        "update": 32.665623
      }
    }
  ]
}