{
  "commit": "4d2c7eaebf6a3921ac224952fed883b6bea37864",
  "pr": "222",
  "raw": {
    "get": 352731.47,
    "set": 304057.0,
    "update": 313946.53
  },
  "results": [
    {
      "against": "b6470c35850ee092e91e97690e7b18736a2626e7",
      "result": {
        "get": 9.128085,
        "set": -0.16730744,
        "update": -6.2637625
      }
    },
    {
      "against": "v0.7.0",
      "result": {
        "get": -11.22913,
        "set": -20.581747,
        "update": -22.478235
      }
    }
  ]
}