{
  "commit": "4d2c7eaebf6a3921ac224952fed883b6bea37864",
  "pr": "222",
  "raw": {
    "get": 322868.12,
    "set": 321812.1,
    "update": 334547.9
  },
  "results": [
    {
      "against": "b6470c35850ee092e91e97690e7b18736a2626e7",
      "result": {
        "get": -0.11103844,
        "set": 5.6623197,
        "update": -0.1127303
      }
    },
    {
      "against": "v0.7.0",
      "result": {
        "get": -18.744747,
        "set": -15.9442005,
        "update": -17.391207
      }
    }
  ]
}