{
  "commit": "4d2c7eaebf6a3921ac224952fed883b6bea37864",
  "pr": "222",
  "raw": {
    "get": 362951.22,
    "set": 313235.4,
    "update": 367973.66
  },
  "results": [
    {
      "against": "b6470c35850ee092e91e97690e7b18736a2626e7",
      "result": {
        "get": 4.583613,
        "set": 3.4039903,
        "update": 3.6686137
      }
    },
    {
      "against": "v0.7.0",
      "result": {
        "get": 3.1960971,
        "set": -3.153054,
        "update": 0.19547004
      }
    }
  ]
}