{
  "commit": "68e5e07450edfd7da1a46bb5763c130830524c33",
  "pr": "241",
  "raw": {
    "get": 433424.44,
    "set": 432564.53,
    "update": 423984.0
  },
  "results": [
    {
      "against": "90276e3eadf06be67a5d6dba84800d6189b97e2f",
      "result": {
        "get": 7.338615,
        "set": 28.84353,
        "update": 8.60771
      }
    },
    {
      "against": "v0.7.3",
      "result": {
        "get": -1.5907096,
        "set": -1.0484016,
        "update": 0.2884807
      }
    }
  ]
}