{
  "commit": "a6d8936386835781b9e6fa07d1e1a87dfbd73d96",
  "pr": "222",
  "raw": {
    "get": 338895.53,
    "set": 314984.0,
    "update": 330485.56
  },
  "results": [
    {
      "against": "b6470c35850ee092e91e97690e7b18736a2626e7",
      "result": {
        "get": -2.3479817,
        "set": 3.9812288,
        "update": -6.892845
      }
    },
    {
      "against": "v0.7.0",
      "result": {
        "get": -3.6435359,
        "set": -2.6124191,
        "update": -10.012155
      }
    }
  ]
}